repository_name,date,clones,unique_visitors/cloners
blog,2022-07-30,1,1
github-stats,2022-08-02,290,84
github-stats,2022-08-03,410,92
github-stats,2022-08-04,484,94
github-stats,2022-08-05,444,87
github-stats,2022-08-06,566,102
github-stats,2022-08-07,592,104
github-stats,2022-08-08,463,92
github-stats,2022-08-09,445,86
github-stats,2022-08-10,459,94
github-stats,2022-08-11,408,81
proyek-html-tim-proa-golang,2022-07-29,14,7
proyek-html-tim-proa-golang,2022-07-31,5,4
proyek-html-tim-proa-golang,2022-08-01,1,1
simpletask-backend,2022-08-08,11,8
simpletask-backend,2022-08-09,1,1
simpletask-backend,2022-08-10,5,2
simpletask-frontend,2022-08-07,24,9
simpletask-frontend,2022-08-08,36,10
simpletask-frontend,2022-08-09,1,1
