repository_name,date,views,unique_visitors/cloners
awang-karisma.github.io,2022-07-29,4,1
awang-karisma.github.io,2022-08-03,2,1
blog,2022-08-04,4,1
github-stats,2022-08-03,1,1
github-stats,2022-08-04,1,1
miniproject-proa-golang,2022-08-04,2,1
proyek-html-tim-proa-golang,2022-07-28,19,2
proyek-html-tim-proa-golang,2022-07-29,59,6
proyek-html-tim-proa-golang,2022-07-30,2,1
proyek-html-tim-proa-golang,2022-07-31,9,2
proyek-html-tim-proa-golang,2022-08-01,8,3
proyek-html-tim-proa-golang,2022-08-02,1,1
proyek-html-tim-proa-golang,2022-08-07,1,1
simpletask-frontend,2022-08-07,30,1
