repository_name,date,clones,unique
awang-karisma.github.io,2022-07-22,5,5
awang-karisma.github.io,2022-07-23,1,1
awang-karisma.github.io,2022-07-27,1,1
awang-karisma.github.io,2022-08-19,1,1
blog,2022-07-22,3,3
blog,2022-07-23,1,1
blog,2022-07-30,1,1
blog,2022-08-19,1,1
github-stats,2022-08-02,22,10
github-stats,2022-08-03,24,10
github-stats,2022-08-04,36,12
github-stats,2022-08-05,33,10
github-stats,2022-08-06,32,11
github-stats,2022-08-07,33,14
github-stats,2022-08-08,25,11
github-stats,2022-08-09,30,11
github-stats,2022-08-10,23,9
github-stats,2022-08-11,26,9
github-stats,2022-08-12,23,8
github-stats,2022-08-13,27,10
github-stats,2022-08-14,27,9
github-stats,2022-08-15,27,10
github-stats,2022-08-16,27,11
github-stats,2022-08-17,354,72
github-stats,2022-08-18,349,74
github-stats,2022-08-19,370,79
github-stats,2022-08-20,447,89
github-stats,2022-08-21,453,90
github-stats,2022-08-22,372,77
github-stats,2022-08-23,359,77
github-stats,2022-08-24,382,78
github-stats,2022-08-25,338,73
github-stats,2022-08-26,360,75
github-stats,2022-08-27,428,86
github-stats,2022-08-28,421,84
github-stats,2022-08-29,331,71
github-stats,2022-08-30,334,71
github-stats,2022-08-31,8,6
miniproject-proa-golang,2022-08-02,2,2
miniproject-proa-golang,2022-08-03,1,1
proyek-html-tim-proa-golang,2022-07-27,5,3
proyek-html-tim-proa-golang,2022-07-28,1,1
proyek-html-tim-proa-golang,2022-07-29,1,1
proyek-html-tim-proa-golang,2022-07-31,4,3
proyek-html-tim-proa-golang,2022-08-01,1,1
proyek-html-tim-proa-golang,2022-08-19,1,1
simpletask-backend,2022-08-08,3,1
simpletask-backend,2022-08-09,1,1
simpletask-backend,2022-08-10,2,2
simpletask-backend,2022-08-19,1,1
simpletask-frontend,2022-08-07,1,1
simpletask-frontend,2022-08-08,1,1
simpletask-frontend,2022-08-09,1,1
simpletask-frontend,2022-08-19,1,1
